Model,Task,Metric1,Metric2,Metric3,Params
Logistic Regression,Classification,0.5063532401524777,0.5243600330305532,0.7595693779904307,
Random Forest (Class),Classification,0.5006353240152478,0.5210437710437711,0.7404306220095693,
Linear Regression,Regression,0.2522910842619329,-0.013091612973308742,,
Random Forest (Reg),Regression,0.25091902966690227,-0.007582036577323814,,
